{
    "metrics": {
        "loss": [
            1.151795506477356,
            1.141993522644043,
            1.1720547676086426,
            1.1451393365859985,
            1.1287673711776733,
            1.1286659240722656,
            1.1342302560806274,
            1.1305866241455078,
            1.1119565963745117,
            1.1199969053268433,
            1.1187151670455933,
            1.1178897619247437,
            1.1035460233688354,
            1.1047062873840332,
            1.1071299314498901,
            1.1036031246185303,
            1.0881381034851074,
            1.0900013446807861,
            1.0908715724945068,
            1.0893810987472534,
            1.0726659297943115,
            1.070784330368042,
            1.0752813816070557,
            1.0727052688598633,
            1.0543071031570435,
            1.0502268075942993,
            1.0569125413894653,
            1.055047631263733,
            1.0324286222457886,
            1.021145224571228,
            1.0375885963439941,
            1.0332577228546143,
            1.0068564414978027,
            0.9898513555526733,
            1.013024091720581,
            1.005829930305481,
            0.9801157712936401,
            0.955440104007721,
            0.9897060990333557,
            0.978329062461853
        ],
        "accuracy": 0.628
    },
    "training_time": 0.9283864498138428,
    "timestamp": "2025-12-04 09:15:45"
}