{
    "0.0": {
        "losses": [
            1.185907244682312,
            1.185907244682312,
            1.185907244682312,
            1.185907244682312,
            1.185907244682312,
            1.185907244682312,
            1.185907244682312,
            1.185907244682312,
            1.185907244682312,
            1.185907244682312
        ],
        "gradient_norms_before": [
            0.45716995000839233,
            0.35300546884536743,
            0.6506845951080322,
            0.996138870716095,
            0.45716995000839233,
            0.35300546884536743,
            0.6506845951080322,
            0.996138870716095,
            0.45716995000839233,
            0.35300546884536743,
            0.6506845951080322,
            0.996138870716095,
            0.45716995000839233,
            0.35300546884536743,
            0.6506845951080322,
            0.996138870716095,
            0.45716995000839233,
            0.35300546884536743,
            0.6506845951080322,
            0.996138870716095,
            0.45716995000839233,
            0.35300546884536743,
            0.6506845951080322,
            0.996138870716095,
            0.45716995000839233,
            0.35300546884536743,
            0.6506845951080322,
            0.996138870716095,
            0.45716995000839233,
            0.35300546884536743,
            0.6506845951080322,
            0.996138870716095,
            0.45716995000839233,
            0.35300546884536743,
            0.6506845951080322,
            0.996138870716095,
            0.45716995000839233,
            0.35300546884536743,
            0.6506845951080322,
            0.996138870716095
        ],
        "gradient_norms_after": [
            0.0,
            0.0,
            0.0,
            0.0,
            0.0,
            0.0,
            0.0,
            0.0,
            0.0,
            0.0,
            0.0,
            0.0,
            0.0,
            0.0,
            0.0,
            0.0,
            0.0,
            0.0,
            0.0,
            0.0,
            0.0,
            0.0,
            0.0,
            0.0,
            0.0,
            0.0,
            0.0,
            0.0,
            0.0,
            0.0,
            0.0,
            0.0,
            0.0,
            0.0,
            0.0,
            0.0,
            0.0,
            0.0,
            0.0,
            0.0
        ]
    },
    "0.1": {
        "losses": [
            0.9694827198982239,
            0.9691846966743469,
            0.9688886404037476,
            0.968594491481781,
            0.9683038592338562,
            0.9680159687995911,
            0.9677300453186035,
            0.9674458503723145,
            0.9671639204025269,
            0.9668835401535034
        ],
        "gradient_norms_before": [
            0.15917088091373444,
            0.07107570767402649,
            0.19421862065792084,
            0.1459633708000183,
            0.15877850353717804,
            0.07055681198835373,
            0.19304725527763367,
            0.1441996991634369,
            0.15838950872421265,
            0.07004111260175705,
            0.19188544154167175,
            0.14244425296783447,
            0.15800388157367706,
            0.06952865421772003,
            0.19073337316513062,
            0.14069709181785583,
            0.1560434252023697,
            0.06170576438307762,
            0.18959303200244904,
            0.13895979523658752,
            0.15567585825920105,
            0.06121020391583443,
            0.1884697824716568,
            0.1372317373752594,
            0.15531158447265625,
            0.060717906802892685,
            0.18735626339912415,
            0.1355123221874237,
            0.1549506038427353,
            0.0602288544178009,
            0.18625250458717346,
            0.1338016390800476,
            0.15385018289089203,
            0.06074000522494316,
            0.18515552580356598,
            0.13209955394268036,
            0.15348756313323975,
            0.060268331319093704,
            0.18406769633293152,
            0.13040481507778168
        ],
        "gradient_norms_after": [
            0.05323056876659393,
            0.023769421502947807,
            0.06495136767625809,
            0.048813652247190475,
            0.053448278456926346,
            0.023750949651002884,
            0.06498387455940247,
            0.04854073375463486,
            0.05366700515151024,
            0.023731980472803116,
            0.06501641124486923,
            0.048264287412166595,
            0.05388672277331352,
            0.023712528869509697,
            0.06504901498556137,
            0.047984298318624496,
            0.0540291853249073,
            0.02136528305709362,
            0.06564555317163467,
            0.048114072531461716,
            0.05425344035029411,
            0.021331915631890297,
            0.06568220257759094,
            0.04782561957836151,
            0.05447857081890106,
            0.021297989413142204,
            0.06571885943412781,
            0.047533586621284485,
            0.05470450967550278,
            0.02126348577439785,
            0.06575548648834229,
            0.047237977385520935,
            0.054705362766981125,
            0.021597661077976227,
            0.06583678722381592,
            0.04697137326002121,
            0.054930053651332855,
            0.021568799391388893,
            0.06587405502796173,
            0.04666920751333237
        ]
    },
    "0.5": {
        "losses": [
            0.9527239799499512,
            0.9497857689857483,
            0.9469037055969238,
            0.9440784454345703,
            0.9413135647773743,
            0.9386031627655029,
            0.9359468817710876,
            0.9333441853523254,
            0.9308317303657532,
            0.9283960461616516
        ],
        "gradient_norms_before": [
            0.2633623480796814,
            0.17602628469467163,
            0.23458126187324524,
            0.44347065687179565,
            0.26150447130203247,
            0.17270521819591522,
            0.23039577901363373,
            0.43297287821769714,
            0.25965991616249084,
            0.16940200328826904,
            0.22627681493759155,
            0.4225180447101593,
            0.25603994727134705,
            0.16471269726753235,
            0.22222986817359924,
            0.4121113717556,
            0.2542693614959717,
            0.1614762246608734,
            0.21827471256256104,
            0.4017508029937744,
            0.25251150131225586,
            0.15825827419757843,
            0.2143913060426712,
            0.39144039154052734,
            0.2507663667201996,
            0.1550593376159668,
            0.21058179438114166,
            0.3811829090118408,
            0.24903379380702972,
            0.15187998116016388,
            0.20684845745563507,
            0.3709811568260193,
            0.23431120812892914,
            0.140807643532753,
            0.20316696166992188,
            0.36081767082214355,
            0.23267893493175507,
            0.1375640481710434,
            0.19956620037555695,
            0.3507100045681
        ],